{"initial_reset_timestamp": 19648.983032379, "timestamps": [19650.163288231, 19651.091679221, 19651.787944038, 19652.436703356, 19653.099168263, 19653.812082758, 19654.552382728, 19655.2771377, 19656.245782006, 19657.010589989, 19657.55412863, 19658.27252902, 19658.998502303, 19659.720893496, 19660.449815339, 19661.176625461, 19661.893048923, 19662.613128298, 19663.337881733, 19664.059233407, 19664.260716707, 19664.940102975, 19665.665271337, 19666.023238484, 19666.740981947, 19667.461169646, 19668.177890073, 19669.180665197, 19670.013305781, 19670.800583528, 19671.504369555], "episode_lengths": [100, 100, 100, 100, 100, 100, 100, 100, 100, 100, 71, 100, 100, 100, 100, 100, 100, 100, 100, 100, 15, 94, 100, 40, 100, 100, 100, 100, 100, 100, 100], "episode_rewards": [-9.99999999999998, -9.99999999999998, -9.99999999999998, -9.99999999999998, -9.99999999999998, -9.99999999999998, -9.99999999999998, -9.99999999999998, -9.99999999999998, -8.999999999999986, 4.900000000000009, -9.99999999999998, -9.99999999999998, -9.99999999999998, -8.999999999999986, -9.99999999999998, -9.99999999999998, -9.99999999999998, -9.99999999999998, -9.99999999999998, 10.5, 2.6000000000000174, -9.99999999999998, 7.999999999999998, -9.99999999999998, -9.99999999999998, -9.99999999999998, -8.99999999999998, -9.99999999999998, -9.99999999999998, -9.99999999999998], "episode_types": ["t", "t", "t", "t", "t", "t", "t", "t", "t", "t", "t", "t", "t", "t", "t", "t", "t", "t", "t", "t", "t", "t", "t", "t", "t", "t", "t", "t", "t", "t", "t", "t"]}